row_id,rule_violation
2029,0.0004243874680370283
2030,0.11216186303223355
2031,0.8323028190943278
2032,0.8522244096380502
2033,0.9941665166221008
2034,0.097699826767773
2035,0.9998377906616096
2036,0.10876499460730726
2037,0.0005171428854765152
2038,0.9937791473945865
