row_id,rule_violation
2029,0.3181818181818182
2030,0.45454545454545453
2031,0.6818181818181819
2032,0.8636363636363636
2033,0.6363636363636364
2034,0.27272727272727276
2035,0.6363636363636364
2036,0.09090909090909091
2037,0.22727272727272727
2038,0.8181818181818182
