row_id,rule_violation
2029,0.294396650351038
2030,0.603548594675517
2031,0.7264812118654859
2032,0.363436183901459
2033,0.6749722617032625
2034,0.19020089312411464
2035,0.48211275360875855
2036,0.14291419153581744
2037,0.3051631940574502
2038,0.7830216909996455
