row_id,rule_violation
2029,0.008015885627492798
2030,0.02668646515793412
2031,0.9836813960603837
2032,0.9923193851904387
2033,0.9990859747265816
2034,0.013988907569757743
2035,0.9945946877508136
2036,0.0016951943815591837
2037,0.006313267904720256
2038,0.9900992391151269
