row_id,rule_violation
2029,0.0009121234873541437
2030,0.005533575698889578
2031,0.9965802148919426
2032,0.9961788288219605
2033,0.9973712605852141
2034,0.0020709596468713224
2035,0.9997857996999882
2036,0.0034195559187396325
2037,0.0011143515918452408
2038,0.997799705246113
