row_id,rule_violation
2029,0.2944190841145333
2030,0.6035718751351553
2031,0.7264921912307079
2032,0.3634473340534213
2033,0.6749964335353147
2034,0.1901945157346583
2035,0.4821111362609824
2036,0.142925694244984
2037,0.3051794755724849
2038,0.7830498732187803
