row_id,rule_violation
2029,0.29441908411158574
2030,0.6035718751300381
2031,0.7264921912334219
2032,0.36344733405473617
2033,0.6749964335345597
2034,0.19019451573886434
2035,0.48211113625939955
2036,0.14292569424396953
2037,0.3051794755729109
2038,0.7830498732153485
